{"cameraMode":{"drawMode":0,"name":"Shaded","section":"Shading Mode"},"sceneLighting":true,"audioPlay":false,"sceneViewState":{"showFog":true,"showMaterialUpdate":false,"showSkybox":true,"showFlares":true,"showImageEffects":true,"showParticleSystems":true},"in2DMode":false,"pivot":{"x":-26.714405059814454,"y":17.337322235107423,"z":73.9998779296875},"rotation":{"x":0.38177722692489626,"y":-0.4396432936191559,"z":0.2140015810728073,"w":0.784323513507843},"size":174.52337646484376,"orthographic":true}