{"cameraMode":{"drawMode":0,"name":"Shaded","section":"Shading Mode"},"sceneLighting":false,"audioPlay":false,"sceneViewState":{"showFog":true,"showMaterialUpdate":false,"showSkybox":false,"showFlares":true,"showImageEffects":true,"showParticleSystems":true},"in2DMode":false,"pivot":{"x":125.44561767578125,"y":-416.3583068847656,"z":138.42037963867188},"rotation":{"x":0.08246410638093949,"y":-0.8950650095939636,"z":0.18600720167160035,"w":0.3968120217323303},"size":21.526611328125,"orthographic":true}