{"cameraMode":{"drawMode":0,"name":"Shaded","section":"Shading Mode"},"sceneLighting":true,"audioPlay":false,"sceneViewState":{"showFog":true,"showMaterialUpdate":false,"showSkybox":true,"showFlares":true,"showImageEffects":true,"showParticleSystems":true},"in2DMode":false,"pivot":{"x":-7.170015335083008,"y":8.875,"z":-2.957742929458618},"rotation":{"x":0.08246410638093949,"y":-0.8950650095939636,"z":0.18600720167160035,"w":0.3968120217323303},"size":97.53211975097656,"orthographic":true}