{"cameraMode":{"drawMode":0,"name":"Shaded","section":"Shading Mode"},"sceneLighting":false,"audioPlay":false,"sceneViewState":{"showFog":true,"showMaterialUpdate":false,"showSkybox":false,"showFlares":true,"showImageEffects":true,"showParticleSystems":true},"in2DMode":false,"pivot":{"x":6.5564422607421879,"y":12.591728210449219,"z":8.415237426757813},"rotation":{"x":0.07686997950077057,"y":-0.9229570627212524,"z":0.27582260966300967,"w":0.25722214579582217},"size":20.320158004760743,"orthographic":false}