{"cameraMode":{"drawMode":0,"name":"Shaded","section":"Shading Mode"},"sceneLighting":true,"audioPlay":false,"sceneViewState":{"showFog":true,"showMaterialUpdate":false,"showSkybox":true,"showFlares":true,"showImageEffects":true,"showParticleSystems":true},"in2DMode":false,"pivot":{"x":-6.624000549316406,"y":20.341999053955079,"z":-84.25},"rotation":{"x":0.06016959249973297,"y":-0.939424455165863,"z":0.25242412090301516,"w":0.22392737865447999},"size":428.73968505859377,"orthographic":false}