{"cameraMode":{"drawMode":0,"name":"Shaded","section":"Shading Mode"},"sceneLighting":true,"audioPlay":false,"sceneViewState":{"showFog":true,"showMaterialUpdate":false,"showSkybox":true,"showFlares":true,"showImageEffects":true,"showParticleSystems":true},"in2DMode":false,"pivot":{"x":125.44561767578125,"y":-416.3583068847656,"z":138.42037963867188},"rotation":{"x":0.5641146302223206,"y":0.008669430390000344,"z":-0.005923417862504721,"w":0.825629711151123},"size":352.4160461425781,"orthographic":true}