{"cameraMode":{"drawMode":0,"name":"Shaded","section":"Shading Mode"},"sceneLighting":false,"audioPlay":false,"sceneViewState":{"showFog":true,"showMaterialUpdate":false,"showSkybox":false,"showFlares":true,"showImageEffects":true,"showParticleSystems":true},"in2DMode":false,"pivot":{"x":6.7559814453125,"y":3.4261531829833986,"z":26.676942825317384},"rotation":{"x":0.08246410638093949,"y":-0.8950650095939636,"z":0.18600720167160035,"w":0.3968120217323303},"size":98.33916473388672,"orthographic":true}